{
  "info": {
    "name": "Authentication & Authorization",
    "description": "Collection for testing authentication and authorization endpoints",
    "schema": "https://schema.getpostman.com/json/collection/v2.1.0/collection.json"
  },
  "item": [
    {
      "name": "User Registration",
      "request": {
        "method": "POST",
        "header": [
          {
            "key": "Content-Type",
            "value": "application/json"
          }
        ],
        "body": {
          "mode": "raw",
          "raw": "{\n    \"firstName\": \"John\",\n    \"lastName\": \"Doe\",\n    \"email\": \"john.doe@example.com\",\n    \"password\": \"password123\",\n    \"phoneNumber\": \"+1234567890\",\n    \"role\": \"USER\"\n}"
        },
        "url": {
          "raw": "{{baseUrl}}/auth/register",
          "host": ["{{baseUrl}}"],
          "path": ["auth", "register"]
        },
        "description": "Register a new user"
      }
    },
    {
      "name": "User Login",
      "request": {
        "method": "POST",
        "header": [
          {
            "key": "Content-Type",
            "value": "application/json"
          }
        ],
        "body": {
          "mode": "raw",
          "raw": "{\n    \"email\": \"john.doe@example.com\",\n    \"password\": \"password123\"\n}"
        },
        "url": {
          "raw": "{{baseUrl}}/auth/login",
          "host": ["{{baseUrl}}"],
          "path": ["auth", "login"]
        },
        "description": "Login with email and password"
      }
    },
    {
      "name": "Refresh Token",
      "request": {
        "method": "POST",
        "header": [
          {
            "key": "Content-Type",
            "value": "application/json"
          }
        ],
        "body": {
          "mode": "raw",
          "raw": "{\n    \"refreshToken\": \"refresh_token_here\"\n}"
        },
        "url": {
          "raw": "{{baseUrl}}/auth/refresh-token",
          "host": ["{{baseUrl}}"],
          "path": ["auth", "refresh-token"]
        },
        "description": "Get new access token using refresh token"
      }
    },
    {
      "name": "Logout",
      "request": {
        "method": "POST",
        "header": [
          {
            "key": "Authorization",
            "value": "Bearer {{accessToken}}"
          }
        ],
        "url": {
          "raw": "{{baseUrl}}/auth/logout",
          "host": ["{{baseUrl}}"],
          "path": ["auth", "logout"]
        },
        "description": "Logout user and invalidate tokens"
      }
    },
    {
      "name": "Forgot Password",
      "request": {
        "method": "POST",
        "header": [
          {
            "key": "Content-Type",
            "value": "application/json"
          }
        ],
        "body": {
          "mode": "raw",
          "raw": "{\n    \"email\": \"john.doe@example.com\"\n}"
        },
        "url": {
          "raw": "{{baseUrl}}/auth/forgot-password",
          "host": ["{{baseUrl}}"],
          "path": ["auth", "forgot-password"]
        },
        "description": "Request password reset link"
      }
    },
    {
      "name": "Reset Password",
      "request": {
        "method": "POST",
        "header": [
          {
            "key": "Content-Type",
            "value": "application/json"
          }
        ],
        "body": {
          "mode": "raw",
          "raw": "{\n    \"token\": \"reset_token_here\",\n    \"newPassword\": \"new_password123\"\n}"
        },
        "url": {
          "raw": "{{baseUrl}}/auth/reset-password",
          "host": ["{{baseUrl}}"],
          "path": ["auth", "reset-password"]
        },
        "description": "Reset password using reset token"
      }
    },
    {
      "name": "Change Password",
      "request": {
        "method": "POST",
        "header": [
          {
            "key": "Authorization",
            "value": "Bearer {{accessToken}}"
          },
          {
            "key": "Content-Type",
            "value": "application/json"
          }
        ],
        "body": {
          "mode": "raw",
          "raw": "{\n    \"currentPassword\": \"current_password123\",\n    \"newPassword\": \"new_password123\"\n}"
        },
        "url": {
          "raw": "{{baseUrl}}/auth/change-password",
          "host": ["{{baseUrl}}"],
          "path": ["auth", "change-password"]
        },
        "description": "Change password for logged-in user"
      }
    },
    {
      "name": "Verify Email",
      "request": {
        "method": "GET",
        "header": [],
        "url": {
          "raw": "{{baseUrl}}/auth/verify-email/:token",
          "host": ["{{baseUrl}}"],
          "path": ["auth", "verify-email", ":token"],
          "variable": [
            {
              "key": "token",
              "value": "verification_token_here",
              "description": "Email verification token"
            }
          ]
        },
        "description": "Verify user's email address"
      }
    },
    {
      "name": "Resend Verification Email",
      "request": {
        "method": "POST",
        "header": [
          {
            "key": "Content-Type",
            "value": "application/json"
          }
        ],
        "body": {
          "mode": "raw",
          "raw": "{\n    \"email\": \"john.doe@example.com\"\n}"
        },
        "url": {
          "raw": "{{baseUrl}}/auth/resend-verification",
          "host": ["{{baseUrl}}"],
          "path": ["auth", "resend-verification"]
        },
        "description": "Resend email verification link"
      }
    },
    {
      "name": "Get User Profile",
      "request": {
        "method": "GET",
        "header": [
          {
            "key": "Authorization",
            "value": "Bearer {{accessToken}}"
          }
        ],
        "url": {
          "raw": "{{baseUrl}}/auth/profile",
          "host": ["{{baseUrl}}"],
          "path": ["auth", "profile"]
        },
        "description": "Get current user's profile"
      }
    },
    {
      "name": "Update User Profile",
      "request": {
        "method": "PATCH",
        "header": [
          {
            "key": "Authorization",
            "value": "Bearer {{accessToken}}"
          },
          {
            "key": "Content-Type",
            "value": "application/json"
          }
        ],
        "body": {
          "mode": "raw",
          "raw": "{\n    \"firstName\": \"John Updated\",\n    \"lastName\": \"Doe Updated\",\n    \"phoneNumber\": \"+1987654321\"\n}"
        },
        "url": {
          "raw": "{{baseUrl}}/auth/profile",
          "host": ["{{baseUrl}}"],
          "path": ["auth", "profile"]
        },
        "description": "Update current user's profile"
      }
    },
    {
      "name": "Get User Permissions",
      "request": {
        "method": "GET",
        "header": [
          {
            "key": "Authorization",
            "value": "Bearer {{accessToken}}"
          }
        ],
        "url": {
          "raw": "{{baseUrl}}/auth/permissions",
          "host": ["{{baseUrl}}"],
          "path": ["auth", "permissions"]
        },
        "description": "Get current user's permissions"
      }
    }
  ],
  "variable": [
    {
      "key": "baseUrl",
      "value": "http://localhost:3000/api",
      "type": "string"
    },
    {
      "key": "accessToken",
      "value": "your_access_token_here",
      "type": "string"
    }
  ]
} 